-- MySQL Script generated by MySQL Workbench
-- Fri Oct 27 11:22:50 2023
-- Model: New Model    Version: 1.0
-- MySQL Workbench Forward Engineering

SET @OLD_UNIQUE_CHECKS=@@UNIQUE_CHECKS, UNIQUE_CHECKS=0;
SET @OLD_FOREIGN_KEY_CHECKS=@@FOREIGN_KEY_CHECKS, FOREIGN_KEY_CHECKS=0;
SET @OLD_SQL_MODE=@@SQL_MODE, SQL_MODE='ONLY_FULL_GROUP_BY,STRICT_TRANS_TABLES,NO_ZERO_IN_DATE,NO_ZERO_DATE,ERROR_FOR_DIVISION_BY_ZERO,NO_ENGINE_SUBSTITUTION';

-- -----------------------------------------------------
-- Schema Books
-- -----------------------------------------------------
-- 
-- 
DROP SCHEMA IF EXISTS `Books` ;

-- -----------------------------------------------------
-- Schema Books
--
-- 
-- 
-- -----------------------------------------------------
CREATE SCHEMA IF NOT EXISTS `Books` DEFAULT CHARACTER SET utf8 COLLATE utf8_bin ;
USE `Books` ;

-- -----------------------------------------------------
-- Table `Books`.`Users`
-- -----------------------------------------------------
DROP TABLE IF EXISTS `Books`.`Users` ;

CREATE TABLE IF NOT EXISTS `Books`.`Users` (
  `UserID` INT NOT NULL,
  `FirstName` VARCHAR(45) NOT NULL,
  `LastName` VARCHAR(45) NOT NULL,
  `Email` VARCHAR(45) NOT NULL,
  PRIMARY KEY (`UserID`))
ENGINE = InnoDB;


-- -----------------------------------------------------
-- Table `Books`.`Authors`
-- -----------------------------------------------------
DROP TABLE IF EXISTS `Books`.`Authors` ;

CREATE TABLE IF NOT EXISTS `Books`.`Authors` (
  `AuthorID` INT NOT NULL,
  `Author_name` VARCHAR(45) NOT NULL,
  PRIMARY KEY (`AuthorID`))
ENGINE = InnoDB;


-- -----------------------------------------------------
-- Table `Books`.`Books`
-- -----------------------------------------------------
DROP TABLE IF EXISTS `Books`.`Books` ;

CREATE TABLE IF NOT EXISTS `Books`.`Books` (
  `BookID` INT NOT NULL,
  `Title` VARCHAR(45) NOT NULL,
  `Authors_AuthorID` INT NOT NULL,
  PRIMARY KEY (`BookID`),
  INDEX `fk_Books_Authors1_idx` (`Authors_AuthorID` ASC) VISIBLE,
  CONSTRAINT `fk_Books_Authors1`
    FOREIGN KEY (`Authors_AuthorID`)
    REFERENCES `Books`.`Authors` (`AuthorID`)
    ON DELETE NO ACTION
    ON UPDATE NO ACTION)
ENGINE = InnoDB;


-- -----------------------------------------------------
-- Table `Books`.`Favorites`
-- -----------------------------------------------------
DROP TABLE IF EXISTS `Books`.`Favorites` ;

CREATE TABLE IF NOT EXISTS `Books`.`Favorites` (
  `Users_UserID` INT NOT NULL,
  `Books_BookID` INT NOT NULL,
  INDEX `fk_Favorites_Users_idx` (`Users_UserID` ASC) VISIBLE,
  INDEX `fk_Favorites_Books1_idx` (`Books_BookID` ASC) VISIBLE,
  CONSTRAINT `fk_Favorites_Users`
    FOREIGN KEY (`Users_UserID`)
    REFERENCES `Books`.`Users` (`UserID`)
    ON DELETE NO ACTION
    ON UPDATE NO ACTION,
  CONSTRAINT `fk_Favorites_Books1`
    FOREIGN KEY (`Books_BookID`)
    REFERENCES `Books`.`Books` (`BookID`)
    ON DELETE NO ACTION
    ON UPDATE NO ACTION)
ENGINE = InnoDB;


SET SQL_MODE=@OLD_SQL_MODE;
SET FOREIGN_KEY_CHECKS=@OLD_FOREIGN_KEY_CHECKS;
SET UNIQUE_CHECKS=@OLD_UNIQUE_CHECKS;

-- MySQL Workbench Forward Engineering

SET @OLD_UNIQUE_CHECKS=@@UNIQUE_CHECKS, UNIQUE_CHECKS=0;
SET @OLD_FOREIGN_KEY_CHECKS=@@FOREIGN_KEY_CHECKS, FOREIGN_KEY_CHECKS=0;
SET @OLD_SQL_MODE=@@SQL_MODE, SQL_MODE='ONLY_FULL_GROUP_BY,STRICT_TRANS_TABLES,NO_ZERO_IN_DATE,NO_ZERO_DATE,ERROR_FOR_DIVISION_BY_ZERO,NO_ENGINE_SUBSTITUTION';

-- -----------------------------------------------------
-- Schema Books
-- -----------------------------------------------------
-- 
-- 

-- -----------------------------------------------------
-- Schema Books
--
-- 
-- 
-- -----------------------------------------------------
CREATE SCHEMA IF NOT EXISTS `Books` DEFAULT CHARACTER SET utf8 COLLATE utf8_bin ;
USE `Books` ;

-- -----------------------------------------------------
-- Table `Books`.`Users`
-- -----------------------------------------------------
DROP TABLE IF EXISTS `Books`.`Users` ;

CREATE TABLE IF NOT EXISTS `Books`.`Users` (
  `UserID` INT NOT NULL,
  `FirstName` VARCHAR(45) NOT NULL,
  `LastName` VARCHAR(45) NOT NULL,
  `Email` VARCHAR(45) NOT NULL,
  PRIMARY KEY (`UserID`))
ENGINE = InnoDB;


-- -----------------------------------------------------
-- Table `Books`.`Authors`
-- -----------------------------------------------------
DROP TABLE IF EXISTS `Books`.`Authors` ;

CREATE TABLE IF NOT EXISTS `Books`.`Authors` (
  `AuthorID` INT NOT NULL,
  `Author_name` VARCHAR(45) NOT NULL,
  PRIMARY KEY (`AuthorID`))
ENGINE = InnoDB;


-- -----------------------------------------------------
-- Table `Books`.`Books`
-- -----------------------------------------------------
DROP TABLE IF EXISTS `Books`.`Books` ;

CREATE TABLE IF NOT EXISTS `Books`.`Books` (
  `BookID` INT NOT NULL,
  `Title` VARCHAR(45) NOT NULL,
  `Authors_AuthorID` INT NOT NULL,
  PRIMARY KEY (`BookID`),
  INDEX `fk_Books_Authors1_idx` (`Authors_AuthorID` ASC) VISIBLE,
  CONSTRAINT `fk_Books_Authors1`
    FOREIGN KEY (`Authors_AuthorID`)
    REFERENCES `Books`.`Authors` (`AuthorID`)
    ON DELETE NO ACTION
    ON UPDATE NO ACTION)
ENGINE = InnoDB;


-- -----------------------------------------------------
-- Table `Books`.`Favorites`
-- -----------------------------------------------------
DROP TABLE IF EXISTS `Books`.`Favorites` ;

CREATE TABLE IF NOT EXISTS `Books`.`Favorites` (
  `Users_UserID` INT NOT NULL,
  `Books_BookID` INT NOT NULL,
  INDEX `fk_Favorites_Users_idx` (`Users_UserID` ASC) VISIBLE,
  INDEX `fk_Favorites_Books1_idx` (`Books_BookID` ASC) VISIBLE,
  CONSTRAINT `fk_Favorites_Users`
    FOREIGN KEY (`Users_UserID`)
    REFERENCES `Books`.`Users` (`UserID`)
    ON DELETE NO ACTION
    ON UPDATE NO ACTION,
  CONSTRAINT `fk_Favorites_Books1`
    FOREIGN KEY (`Books_BookID`)
    REFERENCES `Books`.`Books` (`BookID`)
    ON DELETE NO ACTION
    ON UPDATE NO ACTION)
ENGINE = InnoDB;


SET SQL_MODE=@OLD_SQL_MODE;
SET FOREIGN_KEY_CHECKS=@OLD_FOREIGN_KEY_CHECKS;
SET UNIQUE_CHECKS=@OLD_UNIQUE_CHECKS;

Insert into Authors values
(1,'Stephen King'),
(2, 'F.Scott Fitgerald'),
(3,'Jack London'),
(4,'Jane Austen'),
(5,'Mary Shelley');

Insert into Users values
(1,'John','Doe','JD@books.com'),
(2,'Robin','Smith',	'Robin@books.com'),
(3,'Gloria','Rodriguez','grodriquez@books.com');

Insert into Books values
(1,'The Shining',1),
(2,'It',1),
(3,'The Great Gatsby',2),
(4,'The Call of the Wild',3),
(5,'Pride and Prejudice',4),
(6,'Frankenstein',5);

Insert into Favorites values
(1,1),
(1,2),
(1,3),
(2,4),
(2,5),
(3,5),
(3,6); 

